method_id,coherence
2741,COHERENT
2742,COHERENT
2743,NOT_COHERENT
2744,COHERENT
2745,COHERENT
2746,COHERENT
2747,COHERENT
2748,COHERENT
2749,COHERENT
2750,COHERENT
2751,COHERENT
2752,COHERENT
2753,COHERENT
2754,COHERENT
2755,COHERENT
2756,COHERENT
2757,COHERENT
2758,COHERENT
2759,COHERENT
2760,COHERENT
2761,COHERENT
2762,COHERENT
2763,COHERENT
2764,COHERENT
2765,COHERENT
2766,COHERENT
2767,COHERENT
2768,COHERENT
2769,COHERENT
2770,COHERENT
2771,COHERENT
2772,COHERENT
2775,COHERENT
2776,COHERENT
2777,COHERENT
2778,COHERENT
2779,COHERENT
2780,COHERENT
2781,COHERENT
2782,COHERENT
2783,COHERENT
2784,COHERENT
2786,COHERENT
2787,COHERENT
2788,COHERENT
2790,COHERENT
2791,COHERENT
2792,COHERENT
2793,COHERENT
2794,COHERENT
2795,COHERENT
2796,COHERENT
2797,COHERENT
2798,COHERENT
2799,COHERENT
2800,COHERENT
2801,COHERENT
2802,COHERENT
2803,COHERENT
2804,COHERENT
2805,COHERENT
2806,COHERENT
2807,COHERENT
2808,COHERENT
2811,COHERENT
2812,COHERENT
2813,COHERENT
2814,COHERENT
2815,COHERENT
2816,COHERENT
2817,COHERENT
2818,COHERENT
2819,COHERENT
2820,COHERENT
2821,COHERENT
2822,COHERENT
2823,COHERENT
2824,COHERENT
2825,COHERENT
2828,COHERENT
2829,COHERENT
2830,COHERENT
2831,COHERENT
2832,COHERENT
2833,COHERENT
2834,COHERENT
2835,COHERENT
2837,COHERENT
2838,COHERENT
2839,COHERENT
2840,COHERENT
2841,COHERENT
2843,COHERENT
2844,COHERENT
2845,COHERENT
2846,NOT_COHERENT
2847,COHERENT
2848,COHERENT
2849,COHERENT
2850,COHERENT
2851,COHERENT
2852,COHERENT
2853,COHERENT
2854,COHERENT
2855,COHERENT
2856,COHERENT
2857,COHERENT
2858,NOT_COHERENT
2859,COHERENT
2861,COHERENT
2862,NOT_COHERENT
2863,COHERENT
2864,COHERENT
2865,COHERENT
2866,COHERENT
2867,COHERENT
2868,COHERENT
2869,COHERENT
2870,COHERENT
2871,COHERENT
2872,NOT_COHERENT
2873,NOT_COHERENT
2874,NOT_COHERENT
2875,COHERENT
2876,COHERENT
2877,COHERENT
2879,COHERENT
2880,COHERENT
2881,COHERENT
2882,NOT_COHERENT
2883,COHERENT
2884,COHERENT
2885,COHERENT
2886,COHERENT
2887,COHERENT
2888,NOT_COHERENT
2889,COHERENT
2890,NOT_COHERENT
2891,COHERENT
2892,NOT_COHERENT
2893,COHERENT
2894,COHERENT
2895,COHERENT
2896,COHERENT
2897,COHERENT
2898,NOT_COHERENT
2899,COHERENT
2900,COHERENT
2901,COHERENT
2902,COHERENT
2903,COHERENT
2904,COHERENT
2905,COHERENT
2906,COHERENT
2907,COHERENT
2908,NOT_COHERENT
2909,COHERENT
2910,COHERENT
2911,COHERENT
2912,COHERENT
2913,NOT_COHERENT
2914,NOT_COHERENT
2915,COHERENT
2916,COHERENT
2917,NOT_COHERENT
2918,COHERENT
2919,COHERENT
2920,COHERENT
2921,COHERENT
2922,COHERENT
2923,COHERENT
2924,COHERENT
2925,COHERENT
2926,COHERENT
2927,COHERENT
2928,COHERENT
2929,COHERENT
2930,COHERENT
2931,COHERENT
2932,COHERENT
2933,COHERENT
2934,COHERENT
2935,COHERENT
2936,COHERENT
2937,COHERENT
2938,COHERENT
2939,COHERENT
2940,COHERENT
2941,COHERENT
2942,COHERENT
2943,COHERENT
2944,COHERENT
2946,COHERENT
2947,COHERENT
2948,NOT_COHERENT
2949,COHERENT
2950,COHERENT
2951,COHERENT
2952,COHERENT
2954,NOT_COHERENT
2955,COHERENT
2956,COHERENT
2957,COHERENT
2958,COHERENT
2959,COHERENT
2960,COHERENT
2961,COHERENT
2962,COHERENT
2963,NOT_COHERENT
2964,COHERENT
2965,COHERENT
2966,COHERENT
2967,COHERENT
2968,COHERENT
2969,COHERENT
2970,NOT_COHERENT
2971,COHERENT
2972,COHERENT
2973,COHERENT
2974,NOT_COHERENT
2975,COHERENT
2976,COHERENT
2977,COHERENT
2978,COHERENT
2979,COHERENT
2980,COHERENT
2982,COHERENT
2983,COHERENT
2984,COHERENT
2985,COHERENT
2986,COHERENT
2987,COHERENT
2988,COHERENT
2989,COHERENT
2990,COHERENT
2991,COHERENT
2992,COHERENT
2993,COHERENT
2994,NOT_COHERENT
2995,NOT_COHERENT
2996,NOT_COHERENT
2997,NOT_COHERENT
2998,COHERENT
2999,NOT_COHERENT
3000,NOT_COHERENT
3001,COHERENT
3002,COHERENT
3003,NOT_COHERENT
3004,COHERENT
3005,COHERENT
3006,COHERENT
3007,COHERENT
3008,COHERENT
3009,COHERENT
3010,COHERENT
3011,COHERENT
3012,COHERENT
3013,COHERENT
3014,COHERENT
3015,COHERENT
3016,COHERENT
3017,COHERENT
3018,COHERENT
3019,COHERENT
3020,COHERENT
3021,COHERENT
3022,COHERENT
3023,COHERENT
3024,COHERENT
3025,COHERENT
3026,NOT_COHERENT
3027,NOT_COHERENT
3028,COHERENT
3029,COHERENT
3030,NOT_COHERENT
3031,COHERENT
3032,COHERENT
3033,COHERENT
3034,COHERENT
3035,COHERENT
3036,COHERENT
3037,NOT_COHERENT
3038,COHERENT
3039,COHERENT
3040,COHERENT
3041,COHERENT
3042,NOT_COHERENT
3043,COHERENT
3044,NOT_COHERENT
3045,COHERENT
3046,COHERENT
3047,COHERENT
3048,COHERENT
3049,COHERENT
3050,COHERENT
3052,COHERENT
3053,COHERENT
3054,COHERENT
3055,COHERENT
3056,COHERENT
3057,COHERENT
3058,COHERENT
3059,COHERENT
3060,COHERENT
3061,COHERENT
3063,COHERENT
3064,COHERENT
3065,COHERENT
3066,COHERENT
3067,COHERENT
3068,COHERENT
3069,COHERENT
3070,COHERENT
3071,COHERENT
3072,COHERENT
3073,NOT_COHERENT
3074,COHERENT
3075,COHERENT
3076,COHERENT
3077,COHERENT
3078,COHERENT
3079,COHERENT
3080,COHERENT
3081,COHERENT
3082,COHERENT
3083,COHERENT
3084,COHERENT
3085,COHERENT
3086,COHERENT
3087,COHERENT
3088,COHERENT
3089,COHERENT
3090,COHERENT
3091,COHERENT
3092,COHERENT
3093,COHERENT
3095,COHERENT
3096,COHERENT
3097,COHERENT
3098,COHERENT
3099,NOT_COHERENT
3100,NOT_COHERENT
3101,COHERENT
3103,COHERENT
3104,COHERENT
3105,NOT_COHERENT
3106,COHERENT
3107,COHERENT
3108,COHERENT
3109,NOT_COHERENT
3112,COHERENT
3113,COHERENT
3114,COHERENT
3115,COHERENT
3116,COHERENT
3117,COHERENT
3118,COHERENT
3119,COHERENT
3120,NOT_COHERENT
3121,COHERENT
3122,COHERENT
3123,NOT_COHERENT
3124,COHERENT
3125,COHERENT
3127,COHERENT
3130,COHERENT
3131,COHERENT
3132,COHERENT
3133,COHERENT
3134,NOT_COHERENT
3135,NOT_COHERENT
3136,NOT_COHERENT
3137,NOT_COHERENT
3139,COHERENT
3140,COHERENT
3141,COHERENT
3142,NOT_COHERENT
3143,COHERENT
3144,COHERENT
3145,COHERENT
3146,COHERENT
3147,NOT_COHERENT
3148,NOT_COHERENT
3149,NOT_COHERENT
3150,NOT_COHERENT
3151,COHERENT
3152,NOT_COHERENT
3153,NOT_COHERENT
3154,COHERENT
3155,COHERENT
3156,COHERENT
3157,NOT_COHERENT
3158,COHERENT
3159,COHERENT
3160,COHERENT
3161,NOT_COHERENT
3162,COHERENT
3163,NOT_COHERENT
3164,COHERENT
3165,COHERENT
3166,COHERENT
3167,COHERENT
3168,COHERENT
3169,COHERENT
3170,COHERENT
3171,COHERENT
3172,COHERENT
3173,COHERENT
3174,COHERENT
3175,COHERENT
3176,COHERENT
3177,COHERENT
3178,COHERENT
3179,COHERENT
3182,COHERENT
3184,COHERENT
3185,COHERENT
3187,COHERENT
3189,COHERENT
3190,COHERENT
3191,COHERENT
3192,COHERENT
3193,COHERENT
3194,COHERENT
3195,COHERENT
3196,COHERENT
3197,COHERENT
3198,COHERENT
3199,COHERENT
3200,COHERENT
3201,COHERENT
3202,COHERENT
3203,COHERENT
3204,COHERENT
3205,COHERENT
3206,COHERENT
3207,COHERENT
3208,COHERENT
3209,COHERENT
3210,COHERENT
3211,COHERENT
3212,COHERENT
3213,COHERENT
3214,COHERENT
3215,COHERENT
3216,COHERENT
3217,COHERENT
3218,COHERENT
3219,COHERENT
3220,COHERENT
3221,COHERENT
3222,COHERENT
3223,COHERENT
3224,COHERENT
3225,COHERENT
3226,COHERENT
3227,COHERENT
3228,COHERENT
3229,COHERENT
3230,COHERENT
3231,COHERENT
